{
    "name": "Device",
    "version": "1.0.0",
    "description": "A versatile WiFi device connectivity library for Arduino, ESP, and STM32 boards.",
    "keywords": "communication, wifi, iot, connectivity",
    "authors": {
      "name": "MEmbedded TechLab",
      "email": "membeddedtechlab@gmail.com",
      "url": "https://github.com/MEmbeddedTLB",
      "maintainer": true
    },
    "repository": {
      "type": "git",
      "url": "https://github.com/MEmbeddedTLB/Device.git"
    },
    "homepage": "https://github.com/MEmbeddedTLB/Device",
    "license": "MIT",
    "frameworks": [
      "arduino"
    ],
    "platforms": [
      "atmelavr",
      "atmelsam",
      "espressif8266",
      "espressif32",
      "ststm32"
    ],
    "headers": [
      "device.h"
    ],
    "dependencies": {
      "bblanchon/ArduinoJson": ">=6.0.0"
    },
    "export": {
      "exclude": [
        "tests",
        "examples",
        "docs"
      ]
    }
  }